Timestamp,Value
1730123427.4191358,13
1730123427.5435677,13
1730123427.6880686,15
1730123427.814507,20
1730123427.9409454,20
1730123428.0693905,18
1730123428.1973703,21
1730123428.3213193,19
1730123428.4477577,22
1730123428.576203,19
1730123428.702641,19
1730123428.8310866,20
1730123428.9575248,20
1730123429.087977,20
1730123429.2124767,21
1730123429.3409216,20
1730123429.4678795,21
1730123429.5943182,21
1730123429.7197526,19
1730123429.8461916,22
1730123429.9575784,20
1730123430.0840158,20
1730123430.2093663,19
1730123430.3343093,18
1730123430.4617515,21
1730123430.5741415,20
1730123430.7005796,20
1730123430.8129694,21
1730123430.9253585,20
1730123431.050794,18
1730123431.1627078,22
1730123431.2771044,18
1730123431.4015357,20
1730123431.5360017,19
1730123431.658426,17
1730123431.789882,16
1730123431.9103754,21
1730123432.039824,20
1730123432.1647813,19
1730123432.2917445,17
1730123432.4171793,21
1730123432.546628,18
1730123432.6730661,20
1730123432.8035185,18
1730123432.9319637,19
1730123433.0584018,20
1730123433.1823614,21
1730123433.309803,18
1730123433.437245,20
1730123433.5636828,19
1730123433.6921284,19
1730123433.8165598,19
1730123433.9460082,21
1730123434.0714436,22
1730123434.1974142,21
1730123434.3083174,21
1730123434.4367626,19
1730123434.563201,21
1730123434.6745865,20
1730123434.802029,22
1730123434.9294708,21
1730123435.0549057,20
1730123435.1798718,19
1730123435.308317,21
1730123435.4357588,20
1730123435.561328,19
1730123435.6737177,21
1730123435.7991524,18
1730123435.924587,22
1730123436.0379796,21
1730123436.164944,21
1730123436.2893825,20
1730123436.4158206,21
1730123436.5442657,19
1730123436.6566553,18
1730123436.7810867,20
1730123436.908049,21
1730123437.0354908,20
1730123437.1600509,16
1730123437.2714374,16
1730123437.4008865,16
1730123437.5102656,17
1730123437.6427252,16
1730123437.7822082,16
1730123437.9116569,16
1730123438.0240467,16
1730123438.152017,16
1730123438.2940333,17
1730123438.4224792,16
1730123438.547553,16
1730123438.6749945,15
1730123438.7893918,20
1730123438.9168332,18
1730123439.040261,21
1730123439.170228,19
1730123439.2966666,22
1730123439.421613,19
1730123439.5490546,18
1730123439.6775014,21
1730123439.7999249,20
1730123439.9303772,22
1730123440.0608292,19
1730123440.1872647,19
1730123440.3132172,20
1730123440.4396548,21
1730123440.566094,18
1730123440.692532,21
1730123440.8209777,20
1730123440.949422,19
1730123441.075861,20
1730123441.2060351,19
1730123441.3324728,20
1730123441.4569044,19
1730123441.5833433,19
1730123441.7127914,19
1730123441.8362198,22
1730123441.9621677,20
1730123442.0926204,18
1730123442.2195866,20
1730123442.3435335,19
1730123442.472982,21
1730123442.6134691,20
1730123442.7389038,20
1730123442.867349,20
1730123442.9957936,21
1730123443.1081815,20
1730123443.2356231,21
1730123443.3470094,22
1730123443.4744515,21
1730123443.6028967,21
1730123443.7283316,21
1730123443.8537662,22
1730123443.981208,19
1730123444.1096501,22
1730123444.2220402,20
1730123444.34799,21
1730123444.4734247,21
1730123444.5968533,21
1730123444.7227948,21
1730123444.834181,20
1730123444.9626255,20
1730123445.0750158,19
1730123445.1894124,20
1730123445.3188603,20
1730123445.4422886,19
1730123445.56973,18
1730123445.6991787,17
1730123445.8256173,20
1730123445.954063,18
1730123446.0825078,19
1730123446.2109506,19
1730123446.3529575,20
1730123446.4623363,21
1730123446.5917845,20
1730123446.7202303,18
1730123446.844661,20
1730123446.971614,21
1730123447.10006,21
1730123447.2303767,18
1730123447.3698597,19
1730123447.5023193,20
1730123447.6277542,18
1730123447.7572029,16
1730123447.8806307,21
1730123448.0070689,20
1730123448.1340272,19
1730123448.2619822,16
1730123448.3904269,16
1730123448.5158622,16
1730123448.6412983,17
1730123448.770745,16
1730123448.8981872,16
1730123449.0266323,16
1730123449.1525896,16
1730123449.2810345,16
1730123449.4089935,16
1730123449.5350692,16
1730123449.6607192,15
1730123449.7861538,18
1730123449.913596,18
1730123450.039031,21
1730123450.169481,19
1730123450.294914,22
1730123450.4243624,20
1730123450.565853,20
1730123450.7073436,21
1730123450.8287644,18
1730123450.941154,18
1730123451.0655856,22
1730123451.1980422,19
1730123451.335519,21
1730123451.4599504,19
1730123451.5723403,17
1730123451.7027917,21
1730123451.82923,18
1730123451.953678,20
1730123452.0821228,20
1730123452.2105663,22
1730123452.336517,18
1730123452.4609485,19
1730123452.5873868,20
1730123452.7158325,19
1730123452.8417902,21
1730123452.970235,18
1730123453.0946665,22
1730123453.2216578,18
1730123453.3480964,21
1730123453.459487,21
1730123453.586924,22
1730123453.7153697,20
1730123453.8277588,18
1730123453.953194,19
1730123454.0806353,21
1730123454.2081265,20
1730123454.3190267,19
1730123454.4444616,21
1730123454.5558486,19
1730123454.668238,20
1730123454.7826345,16
1730123454.9100761,20
1730123455.038521,19
1730123455.1709802,17
1730123455.2913973,21
1730123455.402784,21
1730123455.533236,18
1730123455.6606774,20
1730123455.7991586,19
1730123455.9265995,17
1730123456.055045,21
1730123456.182486,18
1730123456.3104403,20
1730123456.449924,20
1730123456.5623128,18
1730123456.6747031,21
1730123456.7860892,21
1730123456.9150438,18
1730123457.0394752,18
1730123457.1503983,20
1730123457.274829,19
1730123457.4002643,21
1730123457.512653,19
1730123457.6431057,20
1730123457.7695436,18
1730123457.8999958,22
1730123458.0264344,22
1730123458.1548796,19
1730123458.2828443,19
1730123458.409283,20
1730123458.5337133,20
1730123458.6621594,21
1730123458.788597,18
1730123458.9170423,20
1730123459.0454876,19
1730123459.1890259,21
1730123459.311451,16
1730123459.441439,16
1730123459.5698843,17
1730123459.6943157,16
1730123459.8247674,17
1730123459.9532127,16
1730123460.0796514,16
1730123460.210101,16
1730123460.3370576,16
1730123460.4614892,16
1730123460.5911732,17
1730123460.7180314,15
1730123460.8424633,20
1730123460.974922,20
1730123461.0973463,18
1730123461.223302,22
1730123461.3487368,19
1730123461.4731677,21
1730123461.5986028,20
1730123461.7119956,20
1730123461.823382,22
1730123461.9488354,19
1730123462.0762777,21
1730123462.1886647,20
1730123462.314624,22
1730123462.4270136,21
1730123462.553452,18
1730123462.6658416,18
1730123462.7802384,20
1730123462.9096868,19
1730123463.042146,17
1730123463.162562,18
1730123463.2739477,22
1730123463.4043996,18
1730123463.5288305,20
1730123463.659283,19
1730123463.786725,21
1730123463.914167,18
1730123464.0596707,19
1730123464.1871128,17
1730123464.3000226,21
1730123464.425457,18
1730123464.5659437,19
1730123464.6913786,21
1730123464.8208272,18
1730123464.947266,21
1730123465.0777178,18
1730123465.2016814,19
1730123465.3281195,21
1730123465.4565647,21
1730123465.5850096,19
1730123465.7114477,18
1730123465.8398933,20
1730123465.968339,21
1730123466.0957806,19
1730123466.2367775,21
1730123466.349168,20
1730123466.476609,17
1730123466.5889993,20
1730123466.7013884,21
1730123466.8258202,20
1730123466.9537816,18
1730123467.0802205,21
1730123467.2072077,20
1730123467.3336465,21
1730123467.4620912,18
1730123467.5935478,21
1730123467.7360413,18
1730123467.8454206,22
1730123467.974869,18
1730123468.1023111,21
1730123468.2307563,19
1730123468.356698,22
1730123468.485144,20
1730123468.6105785,20
1730123468.7219648,21
1730123468.8484023,21
1730123468.9758446,20
1730123469.0872307,18
1730123469.213699,20
1730123469.3421445,21
1730123469.469104,21
1730123469.5814939,20
1730123469.6938834,22
1730123469.8203216,21
1730123469.94676,19
1730123470.0711915,22
1730123470.1976259,19
1730123470.3095198,17
1730123470.42191,16
1730123470.5503554,16
1730123470.662745,16
1730123470.7881799,16
1730123470.914618,16
1730123471.0420597,16
1730123471.153988,16
1730123471.2794228,16
1730123471.4068644,16
1730123471.519254,16
1730123471.6446493,16
1730123471.754665,16
1730123471.8806145,16
1730123471.9930043,19
1730123472.1219792,21
1730123472.2459142,18
1730123472.3573005,18
1730123472.4696896,20
1730123472.5981352,20
1730123472.7245731,17
1730123472.8540213,17
1730123472.98046,18
1730123473.1058948,20
1730123473.2480223,19
1730123473.3604114,20
1730123473.4888566,20
1730123473.6152952,18
1730123473.7427366,19
1730123473.8691752,18
1730123473.9926028,21
1730123474.1210482,20
1730123474.246528,19
1730123474.375976,20
1730123474.504422,20
1730123474.6280828,19
1730123474.756528,18
1730123474.8829663,20
1730123475.011411,20
1730123475.1398566,20
1730123475.2713125,18
1730123475.396747,21
1730123475.5251918,19
1730123475.655644,22
1730123475.7840898,18
1730123475.9105275,20
1730123476.0369656,19
1730123476.169425,21
1730123476.310431,21
1730123476.4388764,17
1730123476.5653157,18
1730123476.6937604,19
1730123476.8222058,19
1730123476.949164,18
1730123477.0766046,18
1730123477.2020757,22
1730123477.3275106,19
1730123477.4549525,18
1730123477.5823936,21
1730123477.7248883,19
1730123477.8533337,22
1730123477.9657228,21
1730123478.0781126,20
1730123478.2060926,18
1730123478.3300283,18
1730123478.4604807,20
1730123478.5869186,21
1730123478.716368,20
1730123478.8418024,18
1730123478.9702477,19
1730123479.0946789,20
1730123479.2236426,20
1730123479.3500807,18
1730123479.4740305,20
1730123479.6044834,19
1730123479.732928,20
1730123479.8613737,19
1730123479.9918258,21
1730123480.1298282,20
1730123480.2577908,17
1730123480.3812191,21
1730123480.5106678,18
1730123480.6371057,18
1730123480.765551,20
1730123480.8919892,18
1730123481.0204346,20
1730123481.1478736,18
1730123481.271301,19
1730123481.399746,16
1730123481.5271885,16
1730123481.6566372,16
1730123481.7830756,16
1730123481.9105494,16
1730123482.0379913,16
1730123482.1629596,16
1730123482.2889152,16
1730123482.4183633,16
1730123482.561861,16
1730123482.6903071,16
1730123482.8266828,16
1730123482.9541252,19
1730123483.0685215,20
1730123483.1914337,21
1730123483.3038235,21
1730123483.4352787,19
1730123483.5607138,20
1730123483.6891592,19
1730123483.819611,21
1730123483.9480557,18
1730123484.0855331,20
1730123484.2150311,17
1730123484.3389907,22
1730123484.4674354,20
1730123484.5938742,18
1730123484.7193089,17
1730123484.8487575,20
1730123484.974192,21
1730123485.1016338,21
1730123485.227608,22
1730123485.3510358,19
1730123485.479481,22
1730123485.6079266,21
1730123485.7363718,19
1730123485.864817,19
1730123485.9912553,21
1730123486.1197004,20
1730123486.2476718,18
1730123486.3741102,22
1730123486.5166044,20
1730123486.6430428,21
1730123486.773495,20
1730123486.8992968,18
1730123487.0257354,20
1730123487.1557178,21
1730123487.2821558,21
1730123487.4085948,19
1730123487.5390472,19
1730123487.665485,20
1730123487.7919233,21
1730123487.922376,18
1730123488.050821,19
1730123488.1772563,18
1730123488.306227,21
1730123488.447718,20
1730123488.5581005,22
1730123488.6855423,19
1730123488.8149908,22
1730123488.9394221,18
1730123489.0658605,21
1730123489.177299,22
1730123489.3047407,18
1730123489.4307013,19
1730123489.556136,18
1730123489.6835775,22
1730123489.7959673,20
1730123489.9244125,21
1730123490.0368018,20
1730123490.164996,20
1730123490.2769163,18
1730123490.4033551,20
1730123490.5157447,20
1730123490.636162,21
1730123490.7535694,18
1730123490.883018,17
1730123491.015477,16
1730123491.1380932,21
1730123491.261521,19
1730123491.3919733,18
1730123491.5194151,17
1730123491.6448503,19
1730123491.7753022,20
1730123491.902258,19
1730123492.0276928,19
1730123492.167702,19
1730123492.2796216,21
1730123492.4040527,22
1730123492.5324981,16
1730123492.6579332,16
1730123492.783368,17
1730123492.9118133,16
1730123493.0382516,16
1730123493.1676977,16
1730123493.2911255,16
1730123493.4215777,17
1730123493.550023,16
1730123493.678468,18
1730123493.806914,18
1730123493.930172,17
1730123494.0546021,15
1730123494.184048,19
1730123494.3270702,21
1730123494.4555154,17
1730123494.5819538,19
1730123494.7103992,21
1730123494.8408508,20
1730123494.9672897,18
1730123495.0957348,19
1730123495.2241595,20
1730123495.3546112,18
1730123495.4810503,21
1730123495.6051958,21
1730123495.7306306,21
1730123495.8420165,20
1730123495.9704623,22
1730123496.0969005,20
1730123496.223506,19
1730123496.3358922,22
1730123496.4623313,21
1730123496.5747213,22
1730123496.7031662,21
1730123496.8286011,21
1730123496.9395158,18
1730123497.0659544,20
1730123497.1943996,21
1730123497.306789,21
1730123497.433227,20
1730123497.5496304,20
1730123497.6740618,17
1730123497.7994967,19
1730123497.9289458,20
1730123498.057391,18
1730123498.18483,19
1730123498.3103037,18
1730123498.438749,19
1730123498.569201,18
1730123498.6956391,19
1730123498.8240848,18
1730123498.9505224,19
1730123499.0789678,18
1730123499.2064078,20
1730123499.3298354,18
1730123499.4588017,20
1730123499.6012957,20
1730123499.727734,21
1730123499.8541722,21
1730123499.9846244,18
1730123500.1100593,19
1730123500.2354915,18
1730123500.3614578,20
1730123500.4899037,18
1730123500.6163418,20
1730123500.7387657,20
1730123500.8652036,19
1730123500.9956563,21
1730123501.1220944,18
1730123501.2505825,20
1730123501.3800309,19
1730123501.5195146,17
1730123501.645953,19
1730123501.772391,18
1730123501.902354,21
1730123502.0267859,19
1730123502.1547585,18
1730123502.2827249,20
1730123502.409163,18
1730123502.5396156,21
1730123502.6660535,18
1730123502.7965057,18
1730123502.9229438,21
1730123503.0523927,18
1730123503.194885,19
1730123503.322327,16
1730123503.4507716,17
1730123503.57721,16
1730123503.704652,17
1730123503.8320937,16
1730123503.9605389,16
1730123504.0869775,17
1730123504.2139432,16
1730123504.3399086,16
1730123504.4703605,17
1730123504.5978024,17
1730123504.723375,16
1730123504.8678753,16
1730123504.9936361,16
1730123505.1200736,15
1730123505.2485194,18
1730123505.375961,20
1730123505.5013957,21
1730123505.641883,20
1730123505.7673178,19
1730123505.8797069,17
1730123505.9941037,20
1730123506.122549,21
1730123506.2515259,19
1730123506.375958,17
1730123506.50641,17
1730123506.6348555,16
1730123506.7612927,17
1730123506.8872478,18
1730123507.0136855,17
1730123507.1441383,21
1730123507.2866323,21
1730123507.397015,21
1730123507.5234532,18
1730123507.6518984,22
1730123507.7974033,20
1730123507.921834,22
1730123508.0472689,20
1730123508.172704,19
1730123508.3006864,17
1730123508.4251177,19
1730123508.5505524,18
1730123508.680001,18
1730123508.8064392,18
1730123508.933881,20
1730123509.0593162,19
1730123509.1858008,18
1730123509.3122392,20
1730123509.4391973,19
1730123509.567643,19
1730123509.6960883,20
1730123509.825537,20
1730123509.9509716,18
1730123510.0794168,20
1730123510.2058525,21
1730123510.3318102,22
1730123510.457245,20
1730123510.5696337,20
1730123510.6940658,21
1730123510.820504,21
1730123510.9469428,20
1730123511.059332,21
1730123511.1863298,20
1730123511.3117645,20
1730123511.4392061,22
1730123511.5525985,21
1730123511.6800413,21
1730123511.8044722,19
1730123511.92994,21
1730123512.058385,21
1730123512.170772,18
1730123512.2967417,21
1730123512.4091308,19
1730123512.5255346,20
1730123512.6469557,17
1730123512.773394,18
1730123512.89977,19
1730123513.0262084,18
1730123513.1524863,22
1730123513.2789247,19
1730123513.4047925,18
1730123513.5312307,21
1730123513.6562214,19
1730123513.7856712,18
1730123513.9099917,22
1730123514.034423,18
1730123514.1639144,21
1730123514.2888644,20
1730123514.41731,18
1730123514.5457547,19
1730123514.6701858,22
1730123514.800638,20
1730123514.9280803,16
1730123515.0535147,16
1730123515.1804926,17
1730123515.3029165,16
1730123515.4283516,16
1730123515.5588038,16
1730123515.6832354,16
1730123515.8096733,17
1730123515.9551773,16
1730123516.078606,16
1730123516.2035766,17
1730123516.3306592,15
1730123516.456094,19
1730123516.5835364,19
1730123516.7109778,21
1730123516.8414302,21
1730123516.966382,21
1730123517.0958314,18
1730123517.2222664,19
1730123517.363757,20
1730123517.475143,22
1730123517.6055949,19
1730123517.7340405,20
1730123517.8745275,20
1730123518.0049794,21
1730123518.1324215,19
1730123518.257603,17
1730123518.3850446,17
1730123518.5104792,17
1730123518.637921,20
1730123518.7483034,19
1730123518.8767488,21
1730123519.0031867,18
1730123519.131632,20
1730123519.2575967,21
1730123519.3850386,19
1730123519.5109925,21
1730123519.6414452,19
1730123519.7678833,20
1730123519.894321,18
1730123520.0247736,20
1730123520.167338,17
1730123520.293286,22
1730123520.4227347,20
1730123520.5481696,18
1730123520.6796253,17
1730123520.8030534,17
1730123520.9124322,20
1730123521.0559297,21
1730123521.1924007,19
1730123521.3148253,18
1730123521.4392567,17
1730123521.5677016,21
1730123521.696147,19
1730123521.822585,17
1730123521.9525614,18
1730123522.0769928,20
1730123522.207443,18
1730123522.3333972,19
1730123522.4608393,18
1730123522.5892844,20
1730123522.7157226,21
1730123522.8441675,19
1730123522.972613,20
1730123523.0990524,19
1730123523.2244833,21
1730123523.3539321,20
1730123523.494419,18
1730123523.6248713,17
1730123523.7493029,19
1730123523.8797548,20
1730123524.0051897,20
1730123524.1326313,18
1730123524.2605984,19
1730123524.387037,19
1730123524.5144787,21
1730123524.639914,18
1730123524.764344,18
1730123524.89279,21
1730123525.0192282,18
1730123525.1496801,20
1730123525.2761188,21
1730123525.4045632,19
1730123525.5350163,22
1730123525.6755033,19
1730123525.7898993,22
1730123525.9183443,16
1730123526.0437796,17
1730123526.1737635,16
1730123526.2967234,16
1730123526.4231613,16
1730123526.535551,16
1730123526.647941,16
1730123526.7603302,16
1730123526.8732328,16
1730123526.9986675,16
1730123527.1110568,16
1730123527.236023,16
1730123527.3630803,16
1730123527.4895186,18
1730123527.6019082,18
1730123527.7293499,20
1730123527.8567922,22
1730123527.9852378,20
1730123528.1126795,18
1730123528.2361042,21
1730123528.3657477,19
1730123528.47613,18
1730123528.6065829,19
1730123528.7330208,21
1730123528.859459,19
1730123528.9718487,22
1730123529.0982866,21
1730123529.2091823,18
1730123529.3396347,21
1730123529.4645903,21
1730123529.5910282,19
1730123529.7214808,20
1730123529.8479187,19
1730123529.9763644,18
1730123530.1048095,18
1730123530.2327816,19
1730123530.357731,19
1730123530.4867463,21
1730123530.6111758,20
1730123530.7360888,19
1730123530.8596194,21
1730123530.9720097,21
1730123531.082392,20
1730123531.208353,19
1730123531.3207424,19
1730123531.433132,21
1730123531.5615773,21
1730123531.673967,20
1730123531.7843494,18
1730123531.8962557,19
1730123532.0216908,21
1730123532.1491325,19
1730123532.2770946,21
1730123532.4025295,21
1730123532.5139155,20
1730123532.642361,19
1730123532.756757,16
1730123532.86714,20
1730123532.9995992,19
1730123533.126037,17
1730123533.2536206,22
1730123533.3800602,20
1730123533.510512,21
1730123533.6349432,18
1730123533.7653947,20
1730123533.8938398,20
1730123534.0192752,20
1730123534.1467166,19
1730123534.2701988,18
1730123534.4006507,21
1730123534.5431442,20
1730123534.6714394,21
1730123534.783829,19
1730123534.9303367,20
1730123535.0547676,19
1730123535.18522,17
1730123535.3096511,19
1730123535.4370925,18
1730123535.5645359,19
1730123535.694987,18
1730123535.8234324,19
1730123535.9498703,19
1730123536.078316,19
1730123536.204751,19
1730123536.3327062,22
1730123536.4611506,19
1730123536.5855825,20
1730123536.7140281,18
1730123536.842473,21
1730123536.9714315,16
1730123537.1139257,16
1730123537.2409053,16
1730123537.3713567,16
1730123537.4977956,16
1730123537.6091816,17
1730123537.7346165,16
1730123537.8610547,16
1730123537.985486,16
1730123538.1139307,17
1730123538.2443805,18
1730123538.367553,16
1730123538.491488,15
1730123538.6199334,20
1730123538.747375,20
1730123538.8748171,21
1730123539.0052686,18
1730123539.1337147,20
1730123539.2602007,18
1730123539.392181,21
1730123539.530661,20
1730123539.66011,22
1730123539.7735023,19
1730123539.9139903,20
1730123540.0424356,20
1730123540.1704056,17
1730123540.2963614,21
1730123540.4227996,21
1730123540.537196,21
1730123540.6616268,18
1730123540.790073,21
1730123540.915936,20
1730123541.058431,21
1730123541.1848693,20
1730123541.3153217,18
1730123541.442763,19
1730123541.566191,21
1730123541.6936326,19
1730123541.8210745,18
1730123541.9464822,22
1730123542.0749276,20
1730123542.200889,19
1730123542.3268468,20
1730123542.4522827,19
1730123542.5777175,22
1730123542.7061627,19
1730123542.8346076,20
1730123542.963053,20
1730123543.0874844,21
1730123543.21342,21
1730123543.3458788,19
1730123543.470311,21
1730123543.5987554,20
1730123543.7111452,21
1730123543.8395905,21
1730123543.9670324,21
1730123544.0784185,19
1730123544.2053785,20
1730123544.3163848,18
1730123544.4428234,21
1730123544.5552125,19
1730123544.667602,21
1730123544.796048,20
1730123544.9244928,21
1730123545.052938,20
1730123545.1812494,19
1730123545.306684,19
1730123545.4180703,20
1730123545.5445085,17
1730123545.6749604,17
1730123545.8034058,19
1730123545.9298444,18
1730123546.058289,21
1730123546.1857293,18
1730123546.3116865,19
1730123546.4401317,18
1730123546.5645628,21
1730123546.6930084,19
1730123546.8214533,21
1730123546.9484112,19
1730123547.0758533,18
1730123547.2018158,19
1730123547.3302615,21
1730123547.4566998,20
1730123547.585145,20
1730123547.7115831,20
1730123547.8400285,18
1730123547.9684732,20
1730123548.096919,16
1730123548.2228816,16
1730123548.3489249,17
1730123548.4613137,16
1730123548.5737038,16
1730123548.6860933,16
1730123548.813535,17
1730123548.924921,16
1730123549.0533662,16
1730123549.178837,16
1730123549.3042724,16
1730123549.4153292,16
1730123549.5407748,15
1730123549.6531646,21
1730123549.7816103,18
1730123549.8939998,20
1730123550.0244522,17
1730123550.1348348,17
1730123550.277002,20
1730123550.4094613,20
1730123550.5358994,17
1730123550.646282,17
1730123550.7747266,20
1730123550.900162,22
1730123551.0115473,20
1730123551.1379867,20
1730123551.2661605,19
1730123551.37855,19
1730123551.490939,20
1730123551.603329,22
1730123551.731774,21
1730123551.8441641,21
1730123551.9580836,19
1730123552.0875318,16
1730123552.2094889,20
1730123552.3384466,20
1730123552.4638817,19
1730123552.5923262,15
1730123552.716758,18
1730123552.8442001,18
1730123552.9736493,21
1730123553.096073,20
1730123553.2245162,18
1730123553.3509545,19
1730123553.4804032,19
1730123553.607845,20
1730123553.7352862,18
1730123553.8587146,22
1730123553.9891663,18
1730123554.1156056,21
1730123554.2396789,20
1730123554.3676338,22
1730123554.4940724,22
1730123554.6084685,22
1730123554.7328997,19
1730123554.8774006,22
1730123555.0028355,21
1730123555.1302772,18
1730123555.2547085,21
1730123555.383154,19
1730123555.5095918,18
1730123555.633847,19
1730123555.7462363,18
1730123555.8706677,22
1730123555.9830575,19
1730123556.1094959,22
1730123556.237938,19
1730123556.3638828,19
1730123556.4752686,22
1730123556.5876584,22
1730123556.7000482,18
1730123556.8124378,18
1730123556.9394004,19
1730123557.0517898,21
1730123557.1641798,19
1730123557.2926223,21
1730123557.4050114,19
1730123557.5324533,21
1730123557.6598957,17
1730123557.7863333,18
1730123557.9117687,19
1730123558.041217,18
1730123558.181704,18
1730123558.306647,18
1730123558.4330854,21
1730123558.5444713,19
1730123558.6558576,20
1730123558.784303,20
1730123558.9097378,19
1730123559.0211236,18
1730123559.1335127,18
1730123559.2444153,16
1730123559.3558016,16
1730123559.4817533,16
1730123559.607188,16
1730123559.7195776,16
1730123559.846016,16
1730123559.9584057,16
1730123560.082837,16
1730123560.1949975,17
1730123560.3219488,16
1730123560.4333348,16
1730123560.5457246,16
1730123560.6575525,16
1730123560.7719004,15
1730123560.8953283,19
1730123561.0227704,21
1730123561.1512158,21
1730123561.2791798,20
1730123561.407625,18
1730123561.5360703,19
1730123561.6625087,21
1730123561.7929604,20
1730123561.9179149,20
1730123562.0453568,20
1730123562.174338,21
1730123562.2992868,21
1730123562.4277313,18
1730123562.5561764,19
1730123562.682615,20
1730123562.8110604,20
1730123562.9395056,18
1730123563.0679502,19
1730123563.194389,20
1730123563.3228347,20
1730123563.4512799,20
1730123563.5787215,20
1730123563.7061632,20
1730123563.8326013,20
1730123563.961047,18
1730123564.0854778,20
1730123564.2159295,19
1730123564.3559344,19
1730123564.4843802,19
1730123564.6138284,18
1730123564.7414317,22
1730123564.8678694,18
1730123564.9943082,20
1730123565.1227539,21
1730123565.2491922,20
1730123565.3796442,18
1730123565.5100958,20
1730123565.6345277,20
1730123565.7649796,20
1730123565.8914182,20
1730123566.0178566,19
1730123566.1463017,20
1730123566.2725277,20
1730123566.3849175,19
1730123566.5133624,19
1730123566.6418078,21
1730123566.7672422,19
1730123566.8921902,19
1730123567.020636,20
1730123567.1330256,19
1730123567.2604644,22
1730123567.37185,18
1730123567.4982884,22
1730123567.6106782,22
1730123567.7371168,20
1730123567.8495061,20
1730123567.9639022,21
1730123568.088334,19
1730123568.226811,17
1730123568.3457396,17
1730123568.4731808,17
1730123568.5835638,20
1730123568.7290676,19
1730123568.85651,22
1730123568.983951,19
1730123569.1134002,17
1730123569.233814,21
1730123569.3482106,20
1730123569.4741588,18
1730123569.6005979,22
1730123569.729043,19
1730123569.8574882,22
1730123569.9839265,19
1730123570.1123714,21
1730123570.23833,20
1730123570.3642788,17
1730123570.4947305,17
1730123570.621169,16
1730123570.7456005,16
1730123570.8740458,16
1730123571.0004835,16
1730123571.127926,16
1730123571.2513528,16
1730123571.3818035,16
1730123571.508242,16
1730123571.6216347,16
1730123571.7446728,16
1730123571.8736322,15
1730123571.9995828,17
1730123572.1250174,19
1730123572.2394137,20
1730123572.3633552,21
1730123572.4918013,22
1730123572.6342952,20
1730123572.7627401,21
1730123572.8931925,21
1730123573.0146132,17
1730123573.1407955,21
1730123573.2647693,21
1730123573.3942175,18
1730123573.5176458,21
1730123573.648098,19
1730123573.7765431,21
1730123573.9004915,19
1730123574.030944,18
1730123574.1548805,19
1730123574.2828465,22
1730123574.4072778,20
1730123574.5317092,18
1730123574.662161,21
1730123574.7885993,19
1730123574.9170454,20
1730123575.057532,18
1730123575.1859748,17
1730123575.3164358,20
1730123575.4408674,18
1730123575.5673048,20
1730123575.6957507,20
1730123575.8251996,21
1730123575.9486275,18
1730123576.0750656,21
1730123576.2040305,20
1730123576.3279774,19
1730123576.4584293,21
1730123576.5868747,18
1730123576.7092988,21
1730123576.8397512,19
1730123576.9637012,20
1730123577.09616,19
1730123577.2191095,22
1730123577.3485577,19
1730123577.4960694,21
1730123577.6245148,19
1730123577.7499495,17
1730123577.863342,19
1730123577.9887772,19
1730123578.1192298,19
1730123578.2462049,21
1730123578.3716397,20
1730123578.5000849,20
1730123578.6295338,20
1730123578.7569757,21
1730123578.8844173,20
1730123579.0279145,22
1730123579.1558738,17
1730123579.2808323,19
1730123579.4067886,18
1730123579.5352337,19
1730123579.6616719,18
1730123579.789114,22
1730123579.9145486,18
1730123580.042994,20
1730123580.1794667,20
1730123580.2893198,19
1730123580.4177651,22
1730123580.5442028,19
1730123580.669638,18
1730123580.79708,20
1730123580.925525,22
1730123581.0379145,19
1730123581.16636,22
1730123581.2923172,20
1730123581.4207623,16
1730123581.5331514,17
1730123581.6605937,16
1730123581.7880356,16
1730123581.9149976,16
1730123582.0263839,17
1730123582.1548285,17
1730123582.266467,16
1730123582.3929052,16
1730123582.5213506,16
1730123582.6467853,16
1730123582.7725563,16
1730123582.8984056,15
1730123583.0097914,18
1730123583.1352267,19
1730123583.248156,21
1730123583.3745942,21
1730123583.5010324,19
1730123583.6314852,18
1730123583.7579234,19
1730123583.8843617,21
1730123584.0128064,19
1730123584.1432583,19
1730123584.2687387,19
1730123584.3961806,21
1730123584.524626,19
1730123584.6530712,20
1730123584.778506,20
1730123584.9059477,18
1730123585.0183375,21
1730123585.1437721,19
1730123585.2687523,21
1730123585.393184,19
1730123585.5055737,19
1730123585.6310086,20
1730123585.756443,19
1730123585.881878,22
1730123585.9932647,20
1730123586.1217093,22
1730123586.247755,19
1730123586.3737102,21
1730123586.4861002,22
1730123586.6145453,20
1730123586.7419872,20
1730123586.8533728,20
1730123586.9794595,19
1730123587.0938563,16
1730123587.2188203,19
1730123587.346262,17
1730123587.473704,19
1730123587.6001425,21
1730123587.7245739,21
1730123587.8530195,21
1730123587.9754436,17
1730123588.1058958,17
1730123588.2338705,20
1730123588.3568192,21
1730123588.487272,21
1730123588.6147134,19
1730123588.7401485,22
1730123588.8706007,18
1730123588.9990458,19
1730123589.127491,19
1730123589.2513676,20
1730123589.3798127,18
1730123589.5077705,22
1730123589.6342087,18
1730123589.7646608,21
1730123589.8931057,18
1730123590.0195441,20
1730123590.1479897,18
1730123590.2744684,21
1730123590.405924,19
1730123590.532362,20
1730123590.6728492,21
1730123590.8033013,17
1730123590.9297397,21
1730123591.058185,18
1730123591.187634,19
1730123591.3138852,21
1730123591.43932,19
1730123591.5677648,18
1730123591.6982172,19
1730123591.8226488,20
1730123591.9486103,20
1730123592.0750487,18
1730123592.1990116,21
1730123592.3249915,20
1730123592.453437,16
1730123592.5798752,16
1730123592.6902583,17
1730123592.8166964,17
1730123592.929086,16
1730123593.041475,16
1730123593.153865,16
1730123593.2649531,16
1730123593.3773427,16
1730123593.5027776,16
1730123593.6332295,16
1730123593.7615688,16
1730123593.8852916,16
1730123593.9976814,18
1730123594.126127,20
1730123594.255576,18
1730123594.3835385,19
1730123594.5099766,21
1730123594.6375635,20
1730123594.7670124,18
1730123594.892447,20
1730123595.0228994,21
1730123595.151345,20
1730123595.2777827,19
1730123595.4082344,19
1730123595.5346735,20
1730123595.6631181,18
1730123595.7915637,19
1730123595.9200084,19
1730123596.0484543,18
1730123596.1748917,19
1730123596.304862,21
1730123596.4443457,18
1730123596.5737944,17
1730123596.6851797,17
1730123596.8326914,21
1730123596.9556293,19
1730123597.0840745,21
1730123597.2100484,18
1730123597.336486,17
1730123597.4468699,18
1730123597.5582557,19
1730123597.6856973,20
1730123597.8181562,19
1730123597.9556327,19
1730123598.086085,19
1730123598.2075062,21
1730123598.3354719,20
1730123598.4619095,20
1730123598.5883474,18
1730123598.716793,21
1730123598.8452382,19
1730123598.9736834,21
1730123599.100122,18
1730123599.2240634,21
1730123599.3525083,20
1730123599.4764612,19
1730123599.6049073,20
1730123599.7333522,18
1730123599.8638067,20
1730123600.0032876,18
1730123600.1317334,21
1730123600.2561624,18
1730123600.383116,21
1730123600.5075471,20
1730123600.6349885,19
1730123600.7624307,19
1730123600.888869,20
1730123601.017314,21
1730123601.1437523,19
1730123601.2701876,18
1730123601.3976295,20
1730123601.5230644,18
1730123601.6535163,20
1730123601.777948,20
1730123601.9054146,22
1730123602.030849,19
1730123602.1582906,21
1730123602.2842731,20
1730123602.4127197,18
1730123602.5411644,21
1730123602.667603,20
1730123602.7940412,21
1730123602.9265,18
1730123603.0509317,20
1730123603.1756613,19
1730123603.3004813,21
1730123603.412871,21
1730123603.5252607,17
1730123603.6376507,16
1730123603.7500403,16
1730123603.8624296,16
1730123603.9768267,16
1730123604.108282,16
1730123604.2332337,17
1730123604.3611934,16
1730123604.493652,17
1730123604.613066,16
1730123604.7435184,16
1730123604.8699563,16
1730123604.994663,15
1730123605.126119,17
1730123605.2500844,18
1730123605.3745158,20
1730123605.5049677,20
1730123605.6173573,17
1730123605.7458022,20
1730123605.8722405,20
1730123606.0006862,21
1730123606.1291318,20
1730123606.2561083,18
1730123606.3820539,22
1730123606.5265543,19
1730123606.6369364,22
1730123606.7643788,21
1730123606.8933449,18
1730123607.0197833,20
1730123607.1462214,19
1730123607.2766712,20
1730123607.4031096,21
1730123607.5335617,19
1730123607.6595044,20
1730123607.7899566,21
1730123607.9304433,20
1730123608.0568812,20
1730123608.1853268,18
1730123608.3112812,18
1730123608.4397266,20
1730123608.568172,18
1730123608.6966171,21
1730123608.8250625,18
1730123608.9535074,19
1730123609.079946,18
1730123609.2094405,18
1730123609.3539407,20
1730123609.47889,19
1730123609.6043248,20
1730123609.734777,18
1730123609.8602114,19
1730123609.9876537,21
1730123610.1160986,20
1730123610.2425342,22
1730123610.3684905,19
1730123610.4949286,21
1730123610.6233737,19
1730123610.7538261,18
1730123610.8822718,19
1730123611.00871,22
1730123611.1391616,20
1730123611.265597,21
1730123611.4090948,19
1730123611.5365362,17
1730123611.662975,21
1730123611.7914205,18
1730123611.9189117,20
1730123612.0473568,18
1730123612.1758025,22
1730123612.3037663,21
1730123612.4332147,20
1730123612.5566428,18
1730123612.6850877,18
1730123612.814536,19
1730123612.9419785,20
1730123613.0704238,21
1730123613.2008755,19
1730123613.3273141,20
1730123613.4537523,21
1730123613.5821977,21
1730123613.7086358,20
1730123613.8370812,18
1730123613.9655266,21
1730123614.091965,19
1730123614.2344565,22
1730123614.3583918,20
1730123614.4868367,18
1730123614.615282,17
1730123614.7276719,16
1730123614.8400617,16
1730123614.952451,18
1730123615.0829031,16
1730123615.207417,16
1730123615.3358593,16
1730123615.4643044,16
1730123615.592052,16
1730123615.7184904,16
1730123615.8449287,16
1730123615.9705458,16
1730123616.0988572,16
1730123616.225295,17
1730123616.3487213,19
1730123616.4781702,20
1730123616.6066153,18
1730123616.7320497,21
1730123616.8645086,20
1730123616.9854372,21
1730123617.1118758,19
1730123617.2388406,19
1730123617.3692932,20
1730123617.4957309,21
1730123617.626184,20
1730123617.7526221,19
1730123617.8820705,20
1730123618.012523,22
1730123618.1379573,19
1730123618.2633893,21
1730123618.388857,20
1730123618.50225,19
1730123618.6286883,20
1730123618.75613,21
1730123618.8685198,22
1730123618.9809093,18
1730123619.1083512,20
1730123619.2192483,20
1730123619.3456864,20
1730123619.4716418,18
1730123619.6000874,21
1730123619.7124767,18
1730123619.82587,20
1730123619.9583287,17
1730123620.0807533,19
1730123620.2102015,20
1730123620.336636,21
1730123620.4650815,17
1730123620.5935268,18
1730123620.7239785,18
1730123620.8464031,21
1730123620.974848,19
1730123621.1012866,22
1730123621.2297292,19
1730123621.3591785,22
1730123621.48662,18
1730123621.6140616,22
1730123621.7415035,18
1730123621.870468,22
1730123621.995902,21
1730123622.1223412,21
1730123622.2497838,19
1730123622.3747308,18
1730123622.5021727,22
1730123622.6276069,18
1730123622.7530422,22
1730123622.8804839,20
1730123623.006922,19
1730123623.119311,21
1730123623.2457495,21
1730123623.3581398,22
1730123623.4845772,20
1730123623.6130226,20
1730123623.7394617,22
1730123623.8658998,22
1730123623.9782887,19
1730123624.1047275,21
1730123624.2171164,19
1730123624.3440812,19
1730123624.468512,18
1730123624.5798986,21
1730123624.6960216,19
1730123624.8214564,17
1730123624.9519083,16
1730123625.0743327,21
1730123625.200771,21
1730123625.3288329,20
1730123625.4522603,17
1730123625.580705,20
1730123625.7091503,16
1730123625.840607,16
1730123625.9640346,16
1730123626.0944865,16
1730123626.2209249,16
1730123626.3498795,16
1730123626.477321,16
1730123626.6057663,16
1730123626.7322044,17
1730123626.8606496,16
1730123626.9866083,16
1730123627.1111755,16
1730123627.2396195,13
1730123627.366059,17
1730123627.4945037,17
1730123627.6209419,17
1730123627.7513957,19
1730123627.8938885,21
1730123628.0032675,21
1730123628.130709,18
1730123628.2611582,21
1730123628.4031663,20
1730123628.527598,22
1730123628.65805,20
1730123628.7834847,18
1730123628.9069123,22
1730123629.0373645,20
1730123629.165333,21
1730123629.2887585,19
1730123629.417717,18
1730123629.5441556,20
1730123629.6695902,19
1730123629.7970319,21
1730123629.9224668,19
1730123630.0479016,20
1730123630.178354,19
1730123630.3193583,21
1730123630.4478035,21
1730123630.5712323,20
1730123630.6986732,18
1730123630.837153,18
1730123630.9615848,18
1730123631.087019,20
1730123631.1984053,22
1730123631.3248413,20
1730123631.4532866,18
1730123631.5797246,20
1730123631.7081695,22
1730123631.8346076,19
1730123631.959068,18
1730123632.0855062,20
1730123632.2159584,20
1730123632.343172,21
1730123632.4696097,18
1730123632.5960488,20
1730123632.724494,19
1730123632.8519356,22
1730123632.9783735,19
1730123633.103809,20
1730123633.2296026,20
1730123633.353031,19
1730123633.4834826,18
1730123633.610924,21
1730123633.7544222,21
1730123633.880374,22
1730123634.0058088,21
1730123634.1202052,18
1730123634.2451465,18
1730123634.3731117,17
1730123634.49955,17
1730123634.6289995,20
1730123634.7524273,21
1730123634.8618064,19
1730123634.9872408,21
1730123635.1176934,21
1730123635.244129,21
1730123635.370567,20
1730123635.4990125,22
1730123635.640503,19
1730123635.7699509,17
1730123635.8983967,18
1730123636.0268416,20
1730123636.1532803,21
1730123636.2832453,20
1730123636.4096842,18
1730123636.5361218,20
1730123636.6645675,18
1730123636.795019,20
1730123636.9209707,16
1730123637.0474098,16
1730123637.1758552,17
1730123637.3063052,16
1730123637.4337473,16
1730123637.559182,16
1730123637.6876273,16
1730123637.8200865,17
1730123637.9445171,16
1730123638.07497,17
1730123638.1994011,16
1730123638.3391683,16
1730123638.4686162,15
1730123638.5920446,19
1730123638.7164762,19
1730123638.8288655,19
1730123638.9412553,22
1730123639.0697002,21
1730123639.1986632,20
1730123639.3240952,18
1730123639.4510505,19
1730123639.5634396,20
1730123639.6918852,20
1730123639.82033,20
1730123639.9327202,22
1730123640.061165,22
1730123640.1886067,20
1730123640.2990446,20
1730123640.4244795,20
1730123640.551921,22
1730123640.6643102,21
1730123640.7907486,19
1730123640.9181905,20
1730123641.0436258,17
1730123641.1580222,21
1730123641.2724166,19
1730123641.3988545,21
1730123641.5273001,19
1730123641.6557453,21
1730123641.7831867,18
1730123641.9091685,19
1730123642.0366101,19
1730123642.1670623,21
1730123642.309072,18
1730123642.4355102,22
1730123642.5639555,19
1730123642.6883872,19
1730123642.8188393,18
1730123642.9442735,18
1730123643.072719,22
1730123643.1961474,18
1730123643.3245897,18
1730123643.4540386,19
1730123643.5814803,18
1730123643.7079186,19
1730123643.8383703,18
1730123643.964809,19
1730123644.091247,22
1730123644.2176878,19
1730123644.3596942,21
1730123644.485129,20
1730123644.6125708,18
1730123644.7410164,17
1730123644.8694615,19
1730123644.9979062,18
1730123645.124345,21
1730123645.2497797,18
1730123645.3752146,19
1730123645.5036597,20
1730123645.6300976,21
1730123645.753526,20
1730123645.8789606,18
1730123646.007406,18
1730123646.1358504,19
1730123646.262827,21
1730123646.3907845,18
1730123646.5162199,18
1730123646.6416547,18
1730123646.7670894,20
1730123646.8920383,20
1730123647.0174735,19
1730123647.1469214,20
1730123647.271351,22
1730123647.3977892,18
1730123647.5262341,20
1730123647.6526728,19
1730123647.7811177,20
1730123647.909562,20
1730123648.0400145,16
1730123648.16545,16
1730123648.2919347,16
1730123648.4173703,16
1730123648.547822,16
1730123648.6762676,16
1730123648.8047128,16
1730123648.9291444,16
1730123649.0555823,17
1730123649.1674874,17
1730123649.295456,16
1730123649.4195645,16
1730123649.5460021,15
1730123649.656385,21
1730123649.7687745,19
1730123649.8811646,21
1730123650.0086067,19
1730123650.136048,22
1730123650.2486238,20
1730123650.377067,19
1730123650.491463,19
1730123650.6199086,20
1730123650.7333014,18
1730123650.8587363,20
1730123650.9851744,18
1730123651.1136198,20
1730123651.2420628,18
1730123651.368501,21
1730123651.496946,18
1730123651.623384,21
1730123651.7488189,20
1730123651.860206,19
1730123651.9871652,19
1730123652.1156104,21
1730123652.228,20
1730123652.3539438,21
1730123652.4823887,21
1730123652.594778,19
1730123652.7071688,21
1730123652.819558,21
1730123652.9459963,18
1730123653.0724344,20
1730123653.1868308,21
1730123653.3133116,18
1730123653.4437644,19
1730123653.5722094,22
1730123653.6845994,19
1730123653.8110378,22
1730123653.9394832,18
1730123654.0649178,21
1730123654.191356,20
1730123654.3183172,18
1730123654.4628181,17
1730123654.5872498,19
1730123654.701088,22
1730123654.8285298,19
1730123654.9539642,17
1730123655.0663545,21
1730123655.193796,22
1730123655.3051817,20
1730123655.4336274,22
1730123655.5610693,20
1730123655.672455,20
1730123655.7998972,20
1730123655.9273386,19
1730123656.0537775,22
1730123656.1661665,20
1730123656.292105,18
1730123656.4195466,20
1730123656.547992,19
1730123656.676437,20
1730123656.7888265,21
1730123656.9157858,21
1730123657.0271716,19
1730123657.1415684,21
1730123657.2524734,19
1730123657.377908,19
1730123657.4882903,21
1730123657.6147287,21
1730123657.7401636,20
1730123657.8676052,18
1730123657.9920366,21
1730123658.117472,20
1730123658.228857,19
1730123658.3548088,21
1730123658.467198,19
1730123658.5795882,21
1730123658.7351265,21
1730123658.8635726,16
1730123658.9759624,20
1730123659.103403,21
1730123659.2283516,17
1730123659.355909,17
1730123659.4828718,16
1730123659.5942578,16
1730123659.7066476,16
1730123659.8350925,17
1730123659.9474828,16
1730123660.059872,16
1730123660.1742685,16
1730123660.2987537,16
1730123660.4241884,16
1730123660.5531795,16
1730123660.6758597,15
1730123660.8022976,18
1730123660.9287367,19
1730123661.0571818,20
1730123661.1856272,19
1730123661.3120625,20
1730123661.4415112,18
1730123661.5659425,20
1730123661.6953907,19
1730123661.8198225,22
1730123661.947296,19
1730123662.0717273,18
1730123662.2021797,19
1730123662.3256485,20
1730123662.4540942,22
1730123662.5825393,19
1730123662.7069707,20
1730123662.831402,19
1730123662.9437914,19
1730123663.056181,22
1730123663.1837351,22
1730123663.296124,21
1730123663.4225628,21
1730123663.5359552,20
1730123663.6633978,21
1730123663.7888324,20
1730123663.9132636,22
1730123664.0246496,21
1730123664.139564,19
1730123664.2645266,21
1730123664.3884816,19
1730123664.5018747,19
1730123664.626306,19
1730123664.7527442,19
1730123664.8831959,21
1730123665.0116415,18
1730123665.136073,20
1730123665.2640457,19
1730123665.392491,22
1730123665.5189295,20
1730123665.6584127,20
1730123665.7838476,19
1730123665.9082785,19
1730123666.0367243,19
1730123666.1641653,18
1730123666.2896538,19
1730123666.4191024,21
1730123666.5455406,19
1730123666.671979,21
1730123666.7984173,20
1730123666.9269152,18
1730123667.05536,20
1730123667.1817985,21
1730123667.3102415,20
1730123667.4386864,18
1730123667.5671325,20
1730123667.69357,22
1730123667.822015,19
1730123667.9544747,22
1730123668.0989754,18
1730123668.2254138,22
1730123668.348395,19
1730123668.475837,19
1730123668.6022751,18
1730123668.7327273,20
1730123668.8591654,21
1730123668.9876108,19
1730123669.116056,19
1730123669.239994,20
1730123669.3659532,18
1730123669.4959264,20
1730123669.6203575,19
1730123669.7467954,21
1730123669.8752413,18
1730123670.0016794,20
1730123670.128117,20
1730123670.2585692,17
1730123670.398562,17
1730123670.525,16
1730123670.654449,16
1730123670.7798839,16
1730123670.9083292,16
1730123671.035771,16
1730123671.1591988,17
1730123671.2861652,16
1730123671.4116,16
1730123671.5400453,16
1730123671.677553,16
1730123671.803942,15
1730123671.9148402,18
1730123672.038268,21
1730123672.150658,19
1730123672.278097,21
1730123672.40405,20
1730123672.5164392,19
1730123672.6288295,21
1730123672.7572749,23
1730123672.8827093,18
1730123673.0081458,21
1730123673.1205337,21
1730123673.2489758,22
1730123673.361366,20
1730123673.4737554,22
1730123673.6001937,21
1730123673.7286396,21
1730123673.8540738,19
1730123673.9654593,21
1730123674.077849,18
1730123674.190239,20
1730123674.315922,20
1730123674.4403534,20
1730123674.5718083,20
1730123674.6942322,20
1730123674.806622,21
1730123674.9190123,21
1730123675.0314019,21
1730123675.1578398,18
1730123675.2823627,18
1730123675.4128146,19
1730123675.5404947,21
1730123675.6669326,20
1730123675.7943742,19
1730123675.9198093,19
1730123676.046247,21
1730123676.174693,20
1730123676.3051403,20
1730123676.4315782,19
1730123676.5580165,20
1730123676.6844544,20
1730123676.7968442,19
1730123676.9077473,20
1730123677.0361927,22
1730123677.1485822,21
1730123677.2755497,21
1730123677.3879392,20
1730123677.516384,19
1730123677.642823,22
1730123677.7682576,21
1730123677.8796434,21
1730123678.008089,21
1730123678.1315167,19
1730123678.243906,21
1730123678.3683133,20
1730123678.498765,20
1730123678.6272104,17
1730123678.7526455,21
1730123678.8800871,18
1730123679.0085328,20
1730123679.134971,19
1730123679.2619197,21
1730123679.3893619,18
1730123679.51732,20
1730123679.6437573,19
1730123679.770196,22
1730123679.8996449,19
1730123680.0250795,19
1730123680.1545277,19
1730123680.2799606,22
1730123680.4079192,20
1730123680.5363638,18
1730123680.6607955,20
1730123680.7892401,20
1730123680.9176857,20
1730123681.0471349,18
1730123681.176583,20
1730123681.3030205,19
1730123681.4334738,16
1730123681.5619187,16
1730123681.6883574,16
1730123681.8147953,16
1730123681.9418604,16
1730123682.073316,17
1730123682.1987507,16
1730123682.3407624,16
1730123682.467201,16
1730123682.597653,16
1730123682.7250311,16
1730123682.853192,15
1730123682.9816375,21
1730123683.0910172,21
1730123683.2214694,21
1730123683.3499124,19
1730123683.4944127,17
1730123683.6198478,16
1730123683.7492962,22
1730123683.859678,20
1730123683.992138,21
1730123684.1326249,18
1730123684.2450144,21
1730123684.3689542,20
1730123684.4994066,20
1730123684.6248412,20
1730123684.7521908,20
1730123684.884651,21
1730123685.0090811,18
1730123685.1606073,19
1730123685.282028,18
1730123685.394418,22
1730123685.5389185,21
1730123685.6653566,19
1730123685.793802,18
1730123685.9192367,18
1730123686.0486856,19
1730123686.1771312,19
1730123686.3040903,20
1730123686.430529,21
1730123686.562988,19
1730123686.7064855,20
1730123686.815865,19
1730123686.943828,21
1730123687.074281,20
1730123687.214768,22
1730123687.3381937,20
1730123687.4676418,19
1730123687.592073,17
1730123687.7205188,18
1730123687.8519742,22
1730123687.978413,19
1730123688.1038475,17
1730123688.2363067,18
1730123688.3642623,21
1730123688.4866865,19
1730123688.6171386,20
1730123688.743577,17
1730123688.8740294,22
1730123688.9994643,20
1730123689.123895,19
1730123689.2478526,17
1730123689.3776307,18
1730123689.5035787,21
1730123689.6300168,21
1730123689.7584624,19
1730123689.8869073,20
1730123690.0173597,18
1730123690.145805,20
1730123690.273244,18
1730123690.3981953,20
1730123690.5266407,20
1730123690.651072,21
1730123690.779517,21
1730123690.9039485,20
1730123691.0303867,20
1730123691.142776,18
1730123691.2687547,20
1730123691.3951933,21
1730123691.507583,22
1730123691.6360278,21
1730123691.762466,21
1730123691.8904169,19
1730123692.015357,22
1730123692.1277466,19
1730123692.2381287,21
1730123692.3629177,19
1730123692.4903598,16
1730123692.6027496,16
1730123692.7151392,16
1730123692.8265252,16
1730123692.957981,17
1730123693.0964608,17
1730123693.223813,17
1730123693.3502488,16
1730123693.473676,16
1730123693.599111,16
1730123693.733577,16
1730123693.855616,16
1730123693.980559,15
1730123694.105994,15
1730123694.2339442,15
1730123694.360897,15
1730123694.4883385,16
1730123694.6147768,17
1730123694.7392085,16
1730123694.8676531,16
1730123694.9961007,16
1730123695.124544,17
1730123695.2509818,17
1730123695.3775532,16
1730123695.504995,16
1730123695.677593,16
1730123695.8186247,15
1730123695.9445887,14
1730123696.0687275,13
1730123696.196791,13
1730123696.3205638,13
1730123696.4455488,13
1730123696.573556,13
1730123696.7011745,13
1730123696.828207,13
1730123696.9525564,13
1730123697.0751696,13
1730123697.201549,13
1730123697.3245673,13
1730123697.435614,13
1730123697.5625706,13
1730123697.686551,13
1730123697.7965515,13
1730123697.920562,13
1730123698.0455842,13
1730123698.1616373,13
1730123698.2815495,16
1730123698.408126,13
1730123698.5335574,13
1730123698.659563,13
1730123698.7841692,13
1730123698.9091678,13
1730123699.0356045,13
1730123699.1600747,13
1730123699.2855122,13
1730123699.4080892,13
1730123699.5325737,13
1730123699.6561787,13
1730123699.7815652,13
1730123699.9066267,13
1730123700.0305974,13
1730123700.1545637,13
1730123700.280173,13
1730123700.4025588,13
1730123700.5126643,13
1730123700.637691,13
1730123700.7625525,13
1730123700.8865762,13
1730123701.0115502,13
1730123701.1365502,13
1730123701.2616098,13
1730123701.3875732,13
1730123701.510754,13
1730123701.636552,13
1730123701.7477803,13
1730123701.874077,13
1730123701.9985654,13
1730123702.1265771,13
1730123702.253556,13
1730123702.3795607,13
1730123702.5055935,13
1730123702.632553,13
1730123702.758556,13
1730123702.8856041,13
1730123703.0091665,13
1730123703.135562,13
1730123703.259613,13
1730123703.3856227,13
1730123703.5135565,13
1730123703.637557,13
1730123703.7655685,13
1730123703.8886456,13
1730123704.0175638,13
1730123704.1421788,13
1730123704.2535694,13
1730123704.3781655,13
1730123704.5036328,13
1730123704.6301777,13
1730123704.7545595,13
1730123704.8785875,13
1730123705.0036976,13
1730123705.1285582,13
1730123705.2535546,13
1730123705.3791687,13
1730123705.488557,13
1730123705.6125538,13
1730123705.7379334,13
1730123705.8673823,13
1730123705.9938197,13
1730123706.1202588,15
1730123706.2336516,16
1730123706.3581629,18
1730123706.470552,17
1730123706.6000016,16
1730123706.727443,17
1730123706.8548846,18
1730123706.9798522,18
1730123707.0912385,20
1730123707.205635,16
1730123707.3145466,20
1730123707.4419885,18
1730123707.5744479,17
1730123707.7129278,17
1730123707.8433797,17
1730123707.967811,18
1730123708.0982637,17
1730123708.2247016,16
1730123708.3525627,17
1730123708.4980674,20
1730123708.6235018,17
1730123708.7358918,21
1730123708.8502884,18
1730123708.9767263,17
1730123709.105172,17
1730123709.2301278,17
1730123709.3572395,19
1730123709.4841993,20
1730123709.6116407,18
1730123709.7400858,18
1730123709.867528,18
1730123709.9949691,19
1730123710.1234145,20
1730123710.253867,18
1730123710.3908727,18
1730123710.5203216,16
1730123710.6467602,16
1730123710.7591481,17
1730123710.88615,17
1730123711.0294197,19
1730123711.155176,17
1730123711.2826178,17
1730123711.4291258,20
1730123711.5525532,20
1730123711.662936,21
1730123711.7883708,18
1730123711.9173346,19
1730123712.0437727,20
1730123712.1672006,20
1730123712.2926354,16
1730123712.4185836,16
1730123712.5480325,18
1730123712.6784844,17
1730123712.8019125,17
1730123712.9333682,17
1730123713.0567958,16
1730123713.1842377,16
1730123713.3177001,16
1730123713.4361105,18
1730123713.5725837,19
1730123713.6950085,19
1730123713.8214464,18
1730123713.9478848,18
1730123714.0743232,16
1730123714.2047753,17
1730123714.3317246,17
1730123714.4601698,20
1730123714.5856047,16
1730123714.7183557,16
1730123714.8397765,17
1730123714.9652114,18
1730123715.0956635,16
1730123715.2190912,16
1730123715.3515496,17
1730123715.4820027,18
1730123715.6064334,17
1730123715.7328715,19
1730123715.8623204,19
1730123715.9877548,17
1730123716.1162002,16
1730123716.243642,16
1730123716.3700948,16
1730123716.501551,17
1730123716.6269855,19
1730123716.7514162,17
1730123716.8643274,21
1730123716.9897616,19
1730123717.1162002,21
1730123717.2406316,20
1730123717.3663151,20
1730123717.4787047,20
1730123717.591094,16
1730123717.706494,21
1730123717.8339365,19
1730123717.9603744,18
1730123718.0908263,17
1730123718.2172644,17
1730123718.3452284,19
1730123718.4716675,18
1730123718.5981054,18
1730123718.7255478,18
1730123718.8549957,17
1730123718.9804316,19
1730123719.1078722,19
1730123719.234823,20
1730123719.3572454,18
1730123719.4841983,18
1730123719.6146512,18
1730123719.7430959,17
1730123719.869534,18
1730123720.011025,18
1730123720.1374629,19
1730123720.2649047,19
1730123720.3901327,16
1730123720.5185783,16
1730123720.6470237,19
1730123720.7754683,18
1730123720.901907,18
1730123721.028345,17
1730123721.1587975,20
1730123721.2850196,20
1730123721.4154718,18
1730123721.5439162,17
1730123721.6723626,16
1730123721.7947857,16
1730123721.9232516,16
1730123722.0496895,16
1730123722.1801422,16
1730123722.3091042,16
1730123722.4485884,16
1730123722.5780368,16
1730123722.7054784,16
1730123722.8339238,16
1730123722.962369,16
1730123723.0868003,16
1730123723.2130444,16
1730123723.3386328,16
1730123723.4670775,16
1730123723.5955229,16
1730123723.7219603,16
1730123723.8483987,19
1730123723.9768443,21
1730123724.107297,19
1730123724.2342541,17
1730123724.3772724,19
1730123724.503711,20
1730123724.632156,16
1730123724.760601,20
1730123724.8850322,20
1730123725.0154848,19
1730123725.142926,18
1730123725.2693648,17
1730123725.3968036,19
1730123725.5232415,17
1730123725.6516864,19
1730123725.782139,19
1730123725.9085772,17
1730123726.0350163,18
1730123726.1614537,19
1730123726.2898962,18
1730123726.4178507,18
1730123726.5442894,17
1730123726.6707273,19
1730123726.7971659,20
1730123726.924124,20
1730123727.034507,20
1730123727.1468964,18
1730123727.2733347,20
1730123727.3993134,19
1730123727.5117028,20
1730123727.623089,18
1730123727.7485237,18
1730123727.876969,19
1730123727.9893587,20
1730123728.1057622,18
1730123728.2301931,17
1730123728.3571496,20
1730123728.4825845,17
1730123728.6110306,18
1730123728.7254264,18
1730123728.8518648,19
1730123728.98031,17
1730123729.1057446,18
1730123729.232702,17
1730123729.360684,18
1730123729.4856303,17
1730123729.6150784,19
1730123729.743524,20
1730123729.8699627,17
1730123729.9964008,17
1730123730.124846,19
1730123730.2492769,20
1730123730.3742342,21
1730123730.4846148,21
1730123730.6120565,17
1730123730.739498,19
1730123730.8498812,20
1730123730.9783263,18
1730123731.090716,19
1730123731.2171535,18
1730123731.3278306,17
1730123731.44022,19
1730123731.5676613,19
1730123731.6810548,20
1730123731.8145173,16
1730123731.9334478,18
1730123732.0618925,17
1730123732.1893349,17
1730123732.3158033,20
1730123732.4412382,21
1730123732.5716903,17
1730123732.6981285,17
1730123732.8245668,18
1730123732.9530118,19
1730123733.0794504,18
1730123733.208899,18
1730123733.3333273,17
1730123733.4607692,17
1730123733.5872078,17
1730123733.7166567,19
1730123733.8420913,19
1730123733.966523,18
1730123734.078912,19
1730123734.206354,19
1730123734.3182485,20
1730123734.4436834,20
1730123734.5721288,21
1730123734.6845179,21
1730123734.7969077,17
1730123734.9092972,18
1730123735.0357356,19
1730123735.1621735,19
1730123735.2745633,19
1730123735.4006448,17
1730123735.5130339,16
1730123735.6410122,16
1730123735.768454,16
1730123735.893888,20
1730123736.0223334,21
1730123736.1507785,18
1730123736.2782211,17
1730123736.4031906,20
1730123736.529629,19
1730123736.6560671,20
1730123736.7865195,18
1730123736.9129553,17
1730123737.0393934,18
1730123737.1678393,20
1730123737.2982893,18
1730123737.4247274,17
1730123737.5541759,17
1730123737.681618,19
1730123737.8100634,20
1730123737.936501,18
1730123738.0629394,17
1730123738.1913846,17
1730123738.3334434,17
1730123738.4628918,17
1730123738.5903335,16
1730123738.7147655,16
1730123738.8442135,16
1730123738.975669,16
1730123739.101104,17
1730123739.226044,15
1730123739.361042,15
1730123739.476953,16
1730123739.6053977,16
1730123739.7358506,16
1730123739.8642952,16
1730123739.9927404,16
1730123740.1171722,16
1730123740.2436106,16
1730123740.373109,16
1730123740.5015538,16
1730123740.6310024,16
1730123740.7564387,16
1730123740.8888967,17
1730123741.0263736,16
1730123741.155822,16
1730123741.2842665,17
1730123741.4137156,17
1730123741.541158,16
1730123741.6726131,16
1730123741.798048,20
1730123741.9240031,20
1730123742.0504415,21
1730123742.162831,17
1730123742.291273,17
1730123742.4182208,18
1730123742.5346243,15
1730123742.664073,15
1730123742.7895079,14
1730123742.9199598,14
1730123743.0443914,17
1730123743.1688228,15
1730123743.2988071,15
1730123743.4252458,16
1730123743.5496767,17
1730123743.6801288,15
1730123743.8085737,15
1730123743.9330058,16
1730123744.061451,16
1730123744.189896,16
1730123744.3168535,15
1730123744.4442956,15
1730123744.572741,16
1730123744.699219,16
1730123744.8296711,15
1730123744.9561093,15
1730123745.0825484,18
1730123745.2089863,15
1730123745.3359652,16
1730123745.4634063,16
1730123745.5958662,15
1730123745.720297,15
1730123745.8487418,15
1730123745.977188,15
1730123746.1076393,15
1730123746.2300644,17
1730123746.3565483,17
1730123746.4679344,18
1730123746.5943725,16
1730123746.7238214,16
1730123746.8352075,17
1730123746.962161,18
1730123747.0875962,18
1730123747.2160413,18
1730123747.3269649,17
1730123747.4383504,17
1730123747.55074,18
1730123747.678182,16
1730123747.793582,15
1730123747.9200196,15
1730123748.0344162,17
1730123748.1728969,15
1730123748.3033466,14
1730123748.4282997,16
1730123748.555742,17
1730123748.686194,15
1730123748.8126323,15
1730123748.9410775,15
1730123749.0655084,16
1730123749.1894586,18
1730123749.3304691,17
1730123749.4403634,16
1730123749.565798,18
1730123749.6942437,19
1730123749.8196785,20
1730123749.948123,18
1730123750.0725548,18
1730123750.1989927,17
1730123750.3264897,17
1730123750.4569411,17
1730123750.5974286,21
1730123750.7098181,21
1730123750.834249,20
1730123750.944632,19
1730123751.0710702,20
1730123751.1975083,18
1730123751.3255286,20
1730123751.4519665,18
1730123751.5804121,18
1730123751.710864,18
1730123751.8393087,17
1730123751.9627788,20
1730123752.091224,20
1730123752.2166593,20
1730123752.342617,21
1730123752.4550064,19
1730123752.5834522,18
1730123752.6958413,21
1730123752.8082309,17
1730123752.9336653,19
1730123753.0591002,18
1730123753.1697924,18
1730123753.2821813,19
1730123753.3920918,19
1730123753.51853,18
1730123753.646975,18
1730123753.7754204,18
1730123753.9023795,19
1730123754.0268102,20
1730123754.1397097,21
1730123754.265144,17
1730123754.3931022,19
1730123754.517534,19
1730123754.6479857,18
1730123754.7744243,18
1730123754.9028695,17
1730123755.0283039,17
1730123755.1537392,21
1730123755.2801769,20
1730123755.4061584,21
1730123755.5305896,19
1730123755.6429794,20
1730123755.7553687,17
1730123755.8677583,19
1730123755.9941967,20
1730123756.1065865,19
1730123756.2330246,17
1730123756.3589807,17
1730123756.4844153,19
1730123756.6108534,19
1730123756.7372918,20
1730123756.866259,17
1730123756.9906907,17
1730123757.1030805,17
1730123757.2184806,19
1730123757.3429089,16
1730123757.4823925,17
1730123757.594782,17
1730123757.723228,20
1730123757.838627,20
1730123757.964062,17
1730123758.0744448,17
1730123758.203893,17
1730123758.3258357,16
1730123758.4512708,17
1730123758.5827262,16
1730123758.7041469,15
1730123758.8165371,16
1730123758.9289267,16
1730123759.053358,16
1730123759.1652563,16
1730123759.2776458,16
1730123759.4021206,16
1730123759.5275562,16
1730123759.6570044,16
1730123759.7804327,17
1730123759.9088778,17
1730123760.0222704,16
1730123760.133657,16
1730123760.2460468,16
1730123760.3755434,16
1730123760.4999747,16
1730123760.6284204,16
1730123760.754858,16
1730123760.8853106,17
1730123761.011749,17
1730123761.1401944,17
1730123761.2706463,19
1730123761.3990912,18
1730123761.5295439,20
1730123761.6559823,18
1730123761.7854304,16
1730123761.9083774,17
1730123762.0388293,20
1730123762.163261,21
1730123762.2937129,19
1730123762.4364674,18
1730123762.5659168,16
1730123762.6923552,18
1730123762.8137755,18
1730123762.9442277,21
1730123763.0566177,16
1730123763.199111,17
1730123763.3084874,18
1730123763.4339225,16
1730123763.562368,17
1730123763.6898096,20
1730123763.819258,21
1730123763.9456966,18
1730123764.075145,18
1730123764.2005801,17
1730123764.32726,19
1730123764.4547007,19
1730123764.5811398,19
1730123764.709585,19
1730123764.8400366,18
1730123764.9664755,17
1730123765.096927,19
1730123765.2233658,19
1730123765.3518112,19
1730123765.4802566,18
1730123765.609705,17
1730123765.733133,17
1730123765.8615777,19
1730123766.0030682,21
1730123766.1285036,21
1730123766.2569487,17
1730123766.3854628,19
1730123766.512904,20
1730123766.6393425,17
1730123766.7697961,19
1730123766.896761,20
1730123767.0242026,18
1730123767.1516445,17
1730123767.279086,18
1730123767.405172,21
1730123767.5296054,20
1730123767.6600564,19
1730123767.7864943,18
1730123767.9149394,18
1730123768.043385,17
1730123768.1718302,19
1730123768.2962613,21
1730123768.423629,21
1730123768.549064,17
1730123768.6744986,21
1730123768.800937,21
1730123768.9133265,20
1730123769.0247128,17
1730123769.1360989,20
1730123769.2470312,17
1730123769.3724754,19
1730123769.4833806,19
1730123769.6078124,17
1730123769.718195,19
1730123769.830584,17
1730123769.942974,20
1730123770.0553632,17
1730123770.1667497,19
1730123770.2921844,20
1730123770.4196818,19
1730123770.5320716,21
1730123770.643458,19
1730123770.7668853,19
1730123770.879275,20
1730123771.006717,17
1730123771.132152,19
1730123771.2595932,19
1730123771.3709779,20
1730123771.4994228,17
1730123771.6118124,17
1730123771.7402575,16
1730123771.852647,17
1730123771.978601,18
1730123772.0909905,18
1730123772.2033799,18
1730123772.3155792,20
1730123772.4279692,20
1730123772.556414,20
1730123772.6818497,20
1730123772.7932355,18
1730123772.905625,20
1730123773.0320632,18
1730123773.1444528,17
1730123773.2728982,18
1730123773.3852851,21
1730123773.5137303,20
1730123773.6261196,21
1730123773.7525575,18
1730123773.881003,18
1730123774.0074408,17
1730123774.1338792,17
1730123774.2723594,20
1730123774.4013197,18
1730123774.527758,17
1730123774.6561675,16
1730123774.782606,18
1730123774.9090443,18
1730123775.0244439,18
1730123775.145865,16
1730123775.2763174,16
1730123775.401749,17
1730123775.529191,16
1730123775.6536226,16
1730123775.784075,16
1730123775.8984709,17
1730123776.0208957,17
1730123776.1513476,19
1730123776.2948446,15
1730123776.4207976,16
1730123776.5482397,16
1730123776.6766846,16
1730123776.803123,16
1730123776.9300814,16
1730123777.0595298,16
1730123777.1819541,16
1730123777.3103998,16
1730123777.438845,16
1730123777.569297,16
1730123777.6967382,17
1730123777.8221736,17
1730123777.9506185,16
1730123778.0770564,16
1730123778.2055023,16
1730123778.3314435,16
1730123778.4568784,19
1730123778.5843205,19
1730123778.7117627,18
1730123778.838201,18
1730123778.966646,17
1730123779.093084,17
1730123779.2370994,19
1730123779.365543,19
1730123779.4924986,17
1730123779.6058922,18
1730123779.7433684,17
1730123779.87081,16
1730123779.981192,17
1730123780.1096382,17
1730123780.2390866,20
1730123780.3640356,20
1730123780.4764254,20
1730123780.588814,17
1730123780.7152529,19
1730123780.8286464,18
1730123780.9580946,19
1730123781.0845335,19
1730123781.2109714,19
1730123781.3389633,18
1730123781.4674082,17
1730123781.593846,17
1730123781.7242985,19
1730123781.8507366,19
1730123781.9772105,18
1730123782.1036484,18
1730123782.2300878,18
1730123782.35662,17
1730123782.4850657,19
1730123782.6135106,19
1730123782.739949,20
1730123782.8683941,18
1730123782.99684,17
1730123783.1225653,18
1730123783.264622,18
1730123783.380251,21
1730123783.5056863,19
1730123783.632124,20
1730123783.759566,19
1730123783.890018,19
1730123784.0184631,20
1730123784.1464298,18
1730123784.270861,17
1730123784.396815,18
1730123784.526264,17
1730123784.6496916,17
1730123784.7801442,20
1730123784.9065826,19
1730123785.035027,18
1730123785.1634724,17
1730123785.2919178,20
1730123785.420363,19
1730123785.5468013,19
1730123785.6752465,18
1730123785.801685,17
1730123785.9301302,18
1730123786.0625892,16
1730123786.2060866,18
1730123786.3320405,19
1730123786.4574752,16
1730123786.587927,18
1730123786.7123587,16
1730123786.822741,16
1730123786.9517071,16
1730123787.079148,18
1730123787.205587,19
1730123787.333329,18
1730123787.45776,17
1730123787.5841985,17
1730123787.7106369,15
1730123787.8230264,17
1730123787.935416,15
1730123788.0478048,16
1730123788.1762507,18
1730123788.28864,16
1730123788.415098,16
1730123788.5274875,17
1730123788.6559331,17
1730123788.784378,16
1730123788.896768,15
1730123789.0262167,18
1730123789.1562061,14
1730123789.2826443,14
1730123789.4106014,14
1730123789.534029,16
1730123789.6644819,14
1730123789.7929265,14
1730123789.9203684,15
1730123790.045803,16
1730123790.171238,16
1730123790.299683,15
1730123790.4298909,17
1730123790.5563285,18
1730123790.686781,17
1730123790.813219,16
1730123790.9376504,15
1730123791.0660956,16
1730123791.192534,18
1730123791.320979,17
1730123791.451432,15
1730123791.57787,15
1730123791.7083218,15
1730123791.8317497,17
1730123791.9597027,17
1730123792.09718,25
1730123792.2226148,44
1730123792.3524854,43
1730123792.476917,44
1730123792.6073697,46
1730123792.733807,47
1730123792.8592422,45
1730123792.9876876,47
1730123793.1131222,45
1730123793.2375536,49
1730123793.3659968,45
1730123793.4924345,45
1730123793.604824,46
1730123793.7152066,43
1730123793.829603,47
1730123793.9580483,50
1730123794.0844858,50
1730123794.2069104,46
1730123794.3182971,42
1730123794.4442694,42
1730123794.571712,43
1730123794.697147,42
1730123794.826595,43
1730123794.9520302,43
1730123795.0624127,42
1730123795.1888506,43
1730123795.315289,43
1730123795.4447358,42
1730123795.570087,43
1730123795.6945179,43
1730123795.8269773,43
1730123795.9674637,43
1730123796.095909,43
1730123796.2283676,42
1730123796.3452826,46
1730123796.473728,44
1730123796.6001663,45
1730123796.7316225,43
1730123796.8550496,43
1730123796.9820373,43
1730123797.1074722,44
1730123797.2359173,47
1730123797.3633564,44
1730123797.4777532,43
1730123797.616233,46
1730123797.742671,48
1730123797.8721201,46
1730123797.9975548,48
1730123798.1280072,46
1730123798.255449,44
1730123798.381307,45
1730123798.5057383,44
1730123798.6281621,47
1730123798.7566073,46
1730123798.8830457,48
1730123799.0084805,49
1730123799.1349187,45
1730123799.2618768,47
1730123799.3903189,45
1730123799.5182834,49
1730123799.646729,44
1730123799.7741706,48
1730123799.8996053,44
1730123800.0280504,47
1730123800.1554923,45
1730123800.282934,48
1730123800.4249456,50
1730123800.5493765,48
1730123800.6778219,47
1730123800.8042605,52
1730123800.9327059,45
1730123801.0591438,45
1730123801.189596,45
1730123801.3140275,49
1730123801.4435163,46
1730123801.5699546,45
1730123801.6953893,46
1730123801.8238344,44
1730123801.9528039,44
1730123802.0772345,45
1730123802.2046764,46
1730123802.3311145,45
1730123802.4595597,46
1730123802.5719492,45
1730123802.6983879,45
1730123802.8278365,49
1730123802.9532714,45
1730123803.0797093,48
1730123803.2091575,45
1730123803.332586,45
1730123803.4630382,45
1730123803.5894763,48
1730123803.7169185,45
1730123803.84436,46
1730123803.9567502,45
1730123804.0811808,46
1730123804.1935704,45
1730123804.3059604,46
1730123804.4309204,49
1730123804.5553517,46
1730123804.6661532,45
1730123804.7785428,45
1730123804.9039776,45
1730123805.0294125,43
1730123805.1468196,48
1730123805.2712512,46
1730123805.4022775,44
1730123805.5247018,46
1730123805.652144,44
1730123805.7846026,43
1730123805.9060237,43
1730123806.0324621,43
1730123806.1428447,45
1730123806.27129,44
1730123806.397728,47
1730123806.5261734,45
1730123806.6566262,46
1730123806.783064,44
1730123806.923063,45
1730123807.0344489,48
1730123807.1638978,48
1730123807.3073952,49
1730123807.4338317,47
1730123807.5582633,49
1730123807.6826947,44
1730123807.8091323,44
1730123807.9546366,45
1730123808.080071,42
1730123808.1924613,43
1730123808.3209064,43
1730123808.4449198,44
1730123808.5573096,43
1730123808.6837475,44
1730123808.8091826,43
1730123808.9195647,44
1730123809.0460033,43
1730123809.170953,43
1730123809.2813356,43
1730123809.4089675,43
1730123809.5344021,43
1730123809.6648545,43
1730123809.7892857,44
1730123809.9177306,43
1730123810.0461757,47
1730123810.1726143,48
1730123810.2990527,44
1730123810.425534,43
1730123810.5519722,45
1730123810.6764042,44
1730123810.8028414,48
1730123810.9292803,44
1730123811.0537112,46
1730123811.1801493,47
1730123811.3106012,45
1730123811.4500825,46
1730123811.5614688,46
1730123811.6899142,45
1730123811.8163524,48
1730123811.9428453,45
1730123812.0692837,48
1730123812.195722,45
1730123812.323164,48
1730123812.4506068,45
1730123812.5770452,46
1730123812.7064936,47
1730123812.8319285,44
1730123812.9583666,46
1730123813.081795,45
1730123813.208788,49
1730123813.3342226,47
1730123813.464253,45
1730123813.590691,45
1730123813.7151227,46
1730123813.844571,46
1730123813.9713962,50
1730123814.0998414,46
1730123814.225797,49
1730123814.35327,46
1730123814.4957638,48
1730123814.6232054,43
1730123814.7566683,45
1730123814.8790927,47
1730123815.0025203,44
1730123815.1309657,44
1730123815.2433553,45
1730123815.3697932,45
1730123815.498239,45
1730123815.6246767,46
1730123815.753122,47
1730123815.8795607,45
1730123816.0070026,46
1730123816.1314337,46
1730123816.2588751,50
1730123816.3858635,46
1730123816.5133052,46
1730123816.6537929,44
1730123816.7802303,44
1730123816.9071796,44
1730123817.0366282,47
1730123817.1620631,44
1730123817.2925153,48
1730123817.421561,49
1730123817.5469959,50
1730123817.6754408,47
1730123817.7978652,49
1730123817.9283166,47
1730123818.056763,45
1730123818.183201,45
1730123818.3116465,45
1730123818.4380832,48
1730123818.5625138,46
1730123818.689956,49
1730123818.8153908,45
1730123818.943836,46
1730123819.0722814,45
1730123819.1992397,48
1730123819.3276849,44
1730123819.4557164,49
1730123819.5821548,45
1730123819.7065861,47
1730123819.8360355,46
1730123819.9614697,50
1730123820.0869045,47
1730123820.2123392,49
1730123820.3247292,49
1730123820.4496925,50
1730123820.5771341,47
1730123820.6895237,45
1730123820.813955,47
1730123820.9243374,45
1730123821.052783,46
1730123821.1782176,45
1730123821.2906072,49
1730123821.4155781,45
1730123821.5400095,49
1730123821.6544054,45
1730123821.7888715,43
1730123821.9178357,42
1730123822.0282192,43
1730123822.1556609,43
1730123822.2820992,43
1730123822.4095654,43
1730123822.5400178,44
1730123822.664449,43
1730123822.7918906,43
1730123822.9213393,43
1730123823.0477777,42
1730123823.1752193,43
1730123823.2986476,43
1730123823.425083,43
1730123823.5545313,43
1730123823.6799662,43
1730123823.8084106,43
1730123823.9348495,43
1730123824.063295,50
1730123824.190737,47
1730123824.3161714,45
1730123824.4463646,46
1730123824.5728037,45
1730123824.6992419,46
1730123824.8256805,44
1730123824.9541252,47
1730123825.0765493,45
1730123825.2039914,50
1730123825.3314328,45
1730123825.4565315,46
1730123825.5849767,46
1730123825.7094085,50
1730123825.838857,47
1730123825.9683053,45
1730123826.09374,45
1730123826.2211816,45
1730123826.35115,46
1730123826.4765847,45
1730123826.6060336,47
1730123826.750535,48
1730123826.8764882,43
1730123827.0109541,48
1730123827.1343818,43
1730123827.2618237,47
1730123827.389797,43
1730123827.513225,49
1730123827.64167,43
1730123827.770115,48
1730123827.8985598,48
1730123828.0249984,51
1730123828.154447,47
1730123828.279882,50
1730123828.4088516,47
1730123828.5332835,44
1730123828.6627324,46
1730123828.790174,45
1730123828.913602,48
1730123829.0420473,44
1730123829.1700141,49
1730123829.2824035,47
1730123829.4073548,47
1730123829.5327897,45
1730123829.6622384,49
1730123829.787673,45
1730123829.9141114,49
1730123830.0435603,46
1730123830.1689951,48
1730123830.2954335,45
1730123830.42138,49
1730123830.5518315,45
1730123830.674256,48
1730123830.8027012,47
1730123830.9291399,50
1730123831.0565817,46
1730123831.18302,46
1730123831.3124685,45
1730123831.4399073,44
1730123831.5653422,47
1730123831.6917808,49
1730123831.8192225,47
1730123831.9461792,45
1730123832.0746243,45
1730123832.1990557,49
1730123832.3264973,47
1730123832.4554508,18
1730123832.5818894,18
1730123832.7103343,18
1730123832.8417904,21
1730123832.9652183,19
1730123833.0936635,17
1730123833.2201014,18
1730123833.3490992,17
1730123833.4905896,21
1730123833.6150208,20
1730123833.7434661,17
1730123833.8739183,17
1730123834.0003564,21
1730123834.1288013,20
1730123834.2572465,20
1730123834.3852053,18
1730123834.5116434,20
1730123834.6356664,20
1730123834.762104,21
1730123834.8905492,19
1730123835.0189955,18
1730123835.14744,19
1730123835.273878,18
1730123835.4063337,17
1730123835.5327725,17
1730123835.6622212,19
1730123835.789663,18
1730123835.9311533,18
1730123836.0565877,19
1730123836.1810195,19
1730123836.309465,17
1730123836.4399662,21
1730123836.565401,17
1730123836.6948502,17
1730123836.8212886,17
1730123836.9492571,16
1730123837.0777023,16
1730123837.204141,16
1730123837.3325856,16
1730123837.461031,16
1730123837.5894763,17
1730123837.7179215,16
1730123837.8443596,14
1730123837.9728045,14
1730123838.0992434,15
1730123838.2246785,15
1730123838.3521612,14
1730123838.4775958,14
1730123838.588982,14
1730123838.717427,14
1730123838.8298166,15
1730123838.9422064,18
1730123839.0545967,16
1730123839.1805496,15
1730123839.3079917,16
1730123839.419461,18
1730123839.544896,16
1730123839.6582885,17
1730123839.7857306,17
1730123839.912169,15
1730123840.040614,17
1730123840.1710663,18
1730123840.2985084,15
1730123840.4271314,16
1730123840.5555766,16
1730123840.6800082,15
1730123840.8104599,17
1730123840.9368982,18
1730123841.0653439,16
1730123841.1917822,17
1730123841.3242407,16
1730123841.4632397,15
1730123841.5886745,14
1730123841.719126,17
1730123841.8455648,18
1730123841.9730344,15
1730123842.0844207,15
1730123842.2138693,14
1730123842.3468492,14
1730123842.4672644,15
1730123842.5957098,16
1730123842.722162,16
1730123842.8486004,14
1730123842.978049,16
1730123843.0984662,18
1730123843.2247128,17
1730123843.3371031,21
1730123843.4653556,21
1730123843.5938008,20
1730123843.7242527,18
1730123843.86474,17
1730123843.9771292,21
1730123844.0895188,18
1730123844.2014267,20
1730123844.325858,19
1730123844.455818,18
1730123844.5822566,17
1730123844.708695,18
1730123844.839147,21
1730123844.9655852,18
1730123845.0940306,19
1730123845.220469,17
1730123845.3509212,17
1730123845.4748878,18
1730123845.6033335,19
1730123845.7337852,18
1730123845.8612273,17
1730123845.986662,20
1730123846.1131003,21
1730123846.2415454,20
1730123846.371038,18
1730123846.4964728,20
1730123846.624918,17
1730123846.7373075,19
1730123846.8632953,18
1730123846.973678,17
1730123847.1011195,21
1730123847.212506,19
1730123847.338944,20
1730123847.4513311,21
1730123847.5797765,20
1730123847.6921656,21
1730123847.820611,18
1730123847.9470491,20
1730123848.059438,20
1730123848.1908944,18
1730123848.32235,18
1730123848.4440145,16
1730123848.5724597,18
1730123848.681839,18
1730123848.813295,17
1730123848.939733,18
1730123849.0661714,19
1730123849.1921167,18
1730123849.3205621,18
1730123849.4450254,17
1730123849.5875194,17
1730123849.7179718,18
1730123849.865483,19
1730123849.990918,20
1730123850.1223733,20
1730123850.2548323,17
1730123850.3763173,18
1730123850.4856966,19
1730123850.6161485,18
1730123850.7405798,17
1730123850.869025,20
1730123850.9814146,20
1730123851.0938046,18
1730123851.206194,21
1730123851.3326318,17
1730123851.4450479,17
1730123851.5734935,18
1730123851.685883,20
1730123851.8123212,19
1730123851.928234,17
1730123852.0516617,21
1730123852.1801074,21
1730123852.306546,16
1730123852.4330215,17
1730123852.5624702,21
1730123852.6909153,19
1730123852.8163502,19
1730123852.943792,18
1730123853.0722373,18
1730123853.2026892,18
1730123853.3311348,19
1730123853.473143,18
1730123853.6025918,16
1730123853.7260196,17
1730123853.8364022,21
1730123853.9668543,18
1730123854.0932927,17
1730123854.223745,18
1730123854.3507073,21
1730123854.4786742,19
1730123854.6071196,18
1730123854.7355647,17
1730123854.862003,17
1730123855.007507,20
1730123855.1339447,21
1730123855.2593796,16
1730123855.3878918,16
1730123855.5143297,16
1730123855.6392229,16
1730123855.7666645,16
1730123855.8931026,16
1730123856.017534,16
1730123856.1439724,17
1730123856.271414,16
1730123856.39636,16
1730123856.5227983,16
1730123856.6512434,16
1730123856.7796886,16
1730123856.9096553,16
1730123857.037097,16
1730123857.1645384,16
1730123857.2909763,16
1730123857.4174392,19
1730123857.5438778,19
1730123857.6713192,18
1730123857.794747,17
1730123857.9231923,19
1730123858.035582,18
1730123858.1610172,18
1730123858.2724025,18
1730123858.3993895,21
1730123858.5258272,19
1730123858.651261,20
1730123858.779707,18
1730123858.8920965,18
1730123859.0034826,21
1730123859.1148686,17
1730123859.2257667,20
1730123859.3542116,18
1730123859.4806876,18
1730123859.607126,18
1730123859.735571,17
1730123859.8640182,19
1730123859.9924617,19
1730123860.1209068,18
1730123860.249352,19
1730123860.3748434,18
1730123860.485226,20
1730123860.6136708,21
1730123860.7421167,20
1730123860.868555,18
1730123860.9949932,17
1730123861.1224344,17
1730123861.2498765,19
1730123861.3778841,20
1730123861.5043228,20
1730123861.6307607,17
1730123861.7752616,18
1730123861.9052327,17
1730123862.029664,17
1730123862.1581101,21
1730123862.289565,16
1730123862.4110177,18
1730123862.543477,20
1730123862.6679082,20
1730123862.7963533,17
1730123862.91075,18
1730123863.039195,17
1730123863.1806858,20
1730123863.3061204,18
1730123863.4330928,18
1730123863.5585275,20
1730123863.670917,17
1730123863.795348,19
1730123863.92279,20
1730123864.0482256,19
1730123864.1766706,18
1730123864.3031087,18
1730123864.4305835,17
1730123864.5570214,17
1730123864.68494,20
1730123864.8093715,19
1730123864.921761,19
1730123865.0481994,17
1730123865.1605887,17
1730123865.2729785,19
1730123865.4009674,18
1730123865.5264022,21
1730123865.6518369,19
1730123865.7782748,18
1730123865.9047134,18
1730123866.0291443,18
1730123866.1415346,18
1730123866.2689762,18
1730123866.393441,19
1730123866.5178728,19
1730123866.630262,18
1730123866.742652,17
1730123866.8550415,18
1730123866.9659486,20
1730123867.091383,17
1730123867.2198288,17
1730123867.34426,20
1730123867.4561677,21
1730123867.5685573,17
1730123867.6949956,20
1730123867.8234403,17
1730123867.9378374,19
1730123868.04822,20
1730123868.1756618,19
1730123868.3051105,17
1730123868.4325964,17
1730123868.558031,17
1730123868.6844697,17
1730123868.8099043,21
1730123868.9403565,20
1730123869.066795,20
1730123869.193231,20
1730123869.321676,19
1730123869.4471433,18
1730123869.575589,18
1730123869.704034,17
1730123869.8304725,21
1730123869.9549036,19
1730123870.0853558,18
1730123870.2138011,18
1730123870.342246,17
1730123870.4662497,17
1730123870.593693,19
1730123870.7201297,18
1730123870.8315158,17
1730123870.9579537,18
1730123871.0703435,19
1730123871.198789,19
1730123871.3272343,19
1730123871.4391627,18
1730123871.5645971,21
1730123871.6900322,19
1730123871.800415,19
1730123871.92587,17
1730123872.0533109,20
1730123872.1797497,20
1730123872.2921395,18
1730123872.4085689,18
1730123872.530993,17
1730123872.6614447,19
1730123872.7878828,15
1730123872.9133182,16
1730123873.04076,16
1730123873.1690028,16
1730123873.2934341,16
1730123873.4199286,17
1730123873.5503807,16
1730123873.674812,16
1730123873.8052645,16
1730123873.930213,16
1730123874.0576546,16
1730123874.1876137,16
1730123874.3140516,17
1730123874.454092,16
1730123874.5825372,16
1730123874.7109823,16
1730123874.839427,16
1730123874.9508138,17
1730123875.0762482,20
1730123875.2006803,20
1730123875.313069,19
1730123875.4239883,17
1730123875.553437,17
1730123875.6848927,16
1730123875.807317,17
1730123875.9377692,17
1730123876.063204,16
1730123876.1976705,16
1730123876.3180873,18
1730123876.4435966,20
1730123876.5760558,19
1730123876.6994834,18
1730123876.809867,16
1730123876.9528794,17
1730123877.0813243,18
1730123877.2097697,19
1730123877.3382149,20
1730123877.4631965,17
1730123877.589635,18
1730123877.71808,18
1730123877.8475287,17
1730123877.9709568,20
1730123878.0983982,21
1730123878.22584,20
1730123878.3517923,18
1730123878.4782283,18
1730123878.6066735,18
1730123878.7331116,17
1730123878.8615568,19
1730123878.990002,20
1730123879.120454,17
1730123879.2443974,19
1730123879.3773904,18
1730123879.4993346,17
1730123879.629787,17
1730123879.7532144,17
1730123879.8826635,20
1730123880.0251572,17
1730123880.1375468,20
1730123880.2499363,20
1730123880.3678675,19
1730123880.4898102,20
1730123880.6021998,21
1730123880.728638,20
1730123880.85909,18
1730123880.9855285,17
1730123881.1119666,17
1730123881.2404125,19
1730123881.3728712,18
1730123881.4953969,19
1730123881.6218357,17
1730123881.765333,17
1730123881.89329,18
1730123882.0036726,20
1730123882.1311145,18
1730123882.2605631,18
1730123882.3880494,17
1730123882.5305433,17
1730123882.657985,17
1730123882.7844234,17
1730123882.9148755,17
1730123883.039307,20
1730123883.167752,19
1730123883.2941904,18
1730123883.424174,17
1730123883.5636578,21
1730123883.673037,20
1730123883.803489,19
1730123883.9299273,19
1730123884.0603795,17
1730123884.1868181,18
1730123884.3132563,16
1730123884.440725,17
1730123884.5671635,15
1730123884.6976156,17
1730123884.824054,16
1730123884.9695582,15
1730123885.0789373,16
1730123885.211397,16
1730123885.3358278,15
1730123885.4778426,15
1730123885.6052842,16
1730123885.7347329,18
1730123885.8611708,19
1730123885.9896164,18
1730123886.1140478,18
1730123886.2444997,18
1730123886.3724766,17
1730123886.4969046,20
1730123886.62535,19
1730123886.7527924,18
1730123886.8817492,18
1730123887.0061805,18
1730123887.1316154,18
1730123887.2570503,18
1730123887.3850245,20
1730123887.5104592,19
1730123887.637901,19
1730123887.7633357,20
1730123887.890777,18
1730123888.0162122,18
1730123888.1275983,17
1730123888.2399883,19
1730123888.3679593,21
1730123888.495922,19
1730123888.608312,19
1730123888.7207012,20
1730123888.8471391,17
1730123888.9755847,18
1730123889.0879743,20
1730123889.2159414,18
1730123889.3423796,20
1730123889.4558032,18
1730123889.5842483,19
1730123889.7116897,18
1730123889.8381283,17
1730123889.967577,18
1730123890.0960226,17
1730123890.2224607,18
1730123890.3514223,20
1730123890.4763844,17
1730123890.6038256,18
1730123890.731267,15
1730123890.855699,16
1730123890.9831412,16
1730123891.108657,16
1730123891.2346315,16
1730123891.3623772,17
1730123891.4873402,16
1730123891.5997298,16
1730123891.726168,17
1730123891.8526063,16
1730123891.9785638,16
1730123892.107009,16
1730123892.2344506,16
1730123892.3458369,16
1730123892.4574802,16
1730123892.5859258,17
1730123892.6983159,16
1730123892.8107047,17
1730123892.9361398,17
1730123893.0635812,17
1730123893.1920269,20
1730123893.3044164,21
1730123893.418334,16
1730123893.547783,16
1730123893.6722138,16
1730123893.7976484,20
1730123893.92208,19
1730123894.0505252,20
1730123894.1809773,18
1730123894.3094225,20
1730123894.4369006,19
1730123894.5633383,21
1730123894.691413,18
1730123894.8208616,17
1730123894.949307,17
1730123895.0737386,18
1730123895.2021837,20
1730123895.3286219,17
1730123895.4576032,18
1730123895.583038,17
1730123895.7094765,17
1730123895.8399286,19
1730123895.968374,20
1730123896.0928047,18
1730123896.2192435,19
1730123896.3446782,18
1730123896.470626,17
1730123896.5980682,20
1730123896.7245066,20
1730123896.8358924,20
1730123896.9618545,17
1730123897.0882928,20
1730123897.2157342,20
1730123897.3271205,18
1730123897.454085,19
1730123897.5815268,19
1730123897.711979,17
1730123897.8384173,17
1730123897.9648557,19
1730123898.0973148,19
1730123898.2237527,17
1730123898.3657653,18
1730123898.492722,18
1730123898.6191604,17
1730123898.7496123,17
1730123898.8760507,20
1730123899.0054994,20
1730123899.1309342,18
1730123899.257898,18
1730123899.3863435,17
1730123899.5269067,19
1730123899.6533446,17
1730123899.7657344,20
1730123899.878124,17
1730123900.0065694,19
1730123900.1370213,18
1730123900.2775085,17
1730123900.4049888,19
1730123900.533434,18
1730123900.659872,18
1730123900.7843037,19
1730123900.9107418,19
1730123901.039187,17
1730123901.169639,17
1730123901.2980843,17
1730123901.4260619,19
1730123901.5525002,20
1730123901.6789386,18
1730123901.8093905,17
1730123901.9363427,18
1730123902.0607738,20
1730123902.1912255,18
1730123902.315657,18
1730123902.441134,17
1730123902.568576,17
1730123902.6960177,16
1730123902.8214526,17
1730123902.9498973,17
1730123903.0763361,17
1730123903.2025886,18
1730123903.331034,16
1730123903.4569952,18
1730123903.5854404,17
1730123903.711879,18
1730123903.834303,17
1730123903.9647555,17
1730123904.105242,19
1730123904.2311983,17
1730123904.3621655,19
1730123904.4881396,16
1730123904.6205988,16
1730123904.7410161,15
1730123904.8674543,16
1730123904.977837,18
1730123905.1062822,17
1730123905.2487764,19
1730123905.3792284,17
1730123905.5076709,16
1730123905.6331058,16
1730123905.7605476,16
1730123905.8889928,20
1730123906.0134242,18
1730123906.1438763,18
1730123906.2703145,16
1730123906.3953276,17
1730123906.5207624,19
1730123906.6472006,19
1730123906.7766492,18
1730123906.9005919,18
1730123907.0270305,16
1730123907.1534688,17
1730123907.2829177,16
1730123907.423926,19
1730123907.5518773,20
1730123907.6773117,17
1730123907.8047543,19
1730123907.9321957,19
1730123908.0656576,18
1730123908.2031345,16
1730123908.3275657,15
1730123908.4389777,16
1730123908.5654154,15
1730123908.6908507,16
1730123908.8032396,15
1730123908.9156299,16
1730123909.0300264,16
1730123909.1564646,16
1730123909.2844195,16
1730123909.4109025,16
1730123909.5222883,16
1730123909.6346781,16
1730123909.7631233,16
1730123909.8935754,16
1730123910.0190103,16
1730123910.1464522,16
1730123910.2738938,16
1730123910.4008424,15
1730123910.525274,16
1730123910.6376643,16
1730123910.750054,16
1730123910.876492,16
1730123910.9888813,15
1730123911.1143165,16
1730123911.2257028,16
1730123911.354148,16
1730123911.4801197,16
1730123911.6065578,16
1730123911.7319934,16
1730123911.8433793,16
1730123911.9542744,16
1730123912.0817163,16
1730123912.2151787,16
1730123912.3386066,15
1730123912.4649646,15
1730123912.5914025,15
1730123912.7168374,16
1730123912.8442798,16
1730123912.9707177,16
1730123913.1011696,15
1730123913.2276087,16
1730123913.3560536,16
1730123913.4844966,16
1730123913.613946,16
1730123913.7413876,16
1730123913.8718393,16
1730123914.000285,16
1730123914.126723,16
1730123914.2551684,15
1730123914.3871417,16
1730123914.5098088,16
